BorrowerID,FirstName,LastName,Email,DateOfBirth,MembershipDate
1,Isaac,Powell,IsaacPowell@example.com,12/3/1975,1/20/2016
2,Jessica,Black,JessicaBlack@example.com,2/12/1983,4/18/2022
3,Gabrielle,Nash,GabrielleNash@example.com,6/24/2003,6/14/2015
4,Sarah,Simpson,SarahSimpson@example.com,3/4/1982,4/1/2017
5,Phil,Nash,PhilNash@example.com,5/17/1990,12/20/2019
6,Peter,Sanderson,PeterSanderson@example.com,6/3/1965,6/1/2019
7,Evan,Greene,EvanGreene@example.com,5/11/1971,1/27/2016
8,Phil,Blake,PhilBlake@example.com,5/1/1985,2/21/2020
9,Stewart,Abraham,StewartAbraham@example.com,1/23/1975,10/3/2017
10,Fiona,Fisher,FionaFisher@example.com,6/5/1967,7/25/2017
11,Bella,Anderson,BellaAnderson@example.com,6/26/1986,7/15/2016
12,Jennifer,Rees,JenniferRees@example.com,1/27/1983,5/3/2016
13,Maria,Chapman,MariaChapman@example.com,1/18/1995,7/25/2022
14,Bernadette,Thomson,BernadetteThomson@example.com,1/22/2001,11/23/2015
15,Dorothy,Abraham,DorothyAbraham@example.com,1/28/1987,3/4/2018
16,Paul,Dowd,PaulDowd@example.com,12/24/1978,7/7/2014
17,Sonia,Paige,SoniaPaige@example.com,11/23/1970,5/11/2021
18,Ella,Manning,EllaManning@example.com,6/25/2002,12/25/2013
19,Grace,Bond,GraceBond@example.com,2/6/1966,11/24/2014
20,Gavin,Smith,GavinSmith@example.com,1/15/1984,6/14/2022
21,Gabrielle,Short,GabrielleShort@example.com,12/12/1973,12/26/2017
22,Claire,Sanderson,ClaireSanderson@example.com,2/24/1989,11/19/2019
23,Natalie,Forsyth,NatalieForsyth@example.com,5/6/1982,9/1/2020
24,Ava,Howard,AvaHoward@example.com,4/3/1992,4/10/2023
25,Sebastian,Hardacre,SebastianHardacre@example.com,7/19/1983,8/5/2020
26,Bernadette,Cameron,BernadetteCameron@example.com,5/19/1971,6/17/2018
27,Olivia,Jones,OliviaJones@example.com,7/17/1966,5/6/2016
28,Melanie,Edmunds,MelanieEdmunds@example.com,11/20/2005,1/18/2013
29,Blake,Buckland,BlakeBuckland@example.com,2/14/1977,9/15/2021
30,Phil,Rees,PhilRees@example.com,9/24/1998,5/20/2015
31,Tim,Lewis,TimLewis@example.com,1/27/1977,11/8/2016
32,Alexandra,Hudson,AlexandraHudson@example.com,12/12/2002,3/20/2013
33,Jasmine,Ogden,JasmineOgden@example.com,3/2/1986,8/23/2013
34,Blake,Clarkson,BlakeClarkson@example.com,12/4/1997,10/6/2016
35,Adrian,Mitchell,AdrianMitchell@example.com,2/24/2004,8/15/2019
36,Rebecca,Fraser,RebeccaFraser@example.com,6/1/1965,9/9/2020
37,Katherine,Gill,KatherineGill@example.com,6/28/1989,6/22/2023
38,Olivia,Nolan,OliviaNolan@example.com,2/5/1974,2/8/2015
39,Carl,Robertson,CarlRobertson@example.com,3/5/1998,5/8/2018
40,Isaac,Baker,IsaacBaker@example.com,7/28/1984,12/11/2020
41,Emily,Underwood,EmilyUnderwood@example.com,5/4/2002,1/11/2014
42,Bella,Campbell,BellaCampbell@example.com,12/7/1973,8/13/2018
43,Olivia,Nash,OliviaNash@example.com,8/25/1971,4/13/2021
44,Penelope,Bower,PenelopeBower@example.com,6/12/1967,3/2/2016
45,Elizabeth,Walsh,ElizabethWalsh@example.com,3/19/1986,4/9/2018
46,Kimberly,Kelly,KimberlyKelly@example.com,2/15/1987,5/13/2021
47,Adam,Kerr,AdamKerr@example.com,2/1/1965,8/24/2016
48,Ruth,Poole,RuthPoole@example.com,5/21/1970,5/1/2016
49,Virginia,King,VirginiaKing@example.com,4/7/1984,2/7/2020
50,Lisa,Kelly,LisaKelly@example.com,10/19/2001,8/6/2019
51,Jane,Lawrence,JaneLawrence@example.com,4/16/1974,1/9/2021
52,Sarah,Chapman,SarahChapman@example.com,6/3/1974,11/23/2021
53,Justin,May,JustinMay@example.com,8/15/1976,2/25/2021
54,Piers,Rutherford,PiersRutherford@example.com,8/4/1998,11/11/2017
55,Stewart,Lee,StewartLee@example.com,11/25/1996,5/12/2014
56,Lucas,Rees,LucasRees@example.com,2/22/1985,11/24/2016
57,Anna,Clark,AnnaClark@example.com,1/12/1992,12/28/2014
58,Matt,Short,MattShort@example.com,8/10/1963,10/17/2013
59,Ian,Mathis,IanMathis@example.com,4/2/1979,11/9/2016
60,Alexandra,Miller,AlexandraMiller@example.com,8/13/1963,1/11/2016
61,Kimberly,Smith,KimberlySmith@example.com,7/23/1994,1/18/2021
62,Lily,Marshall,LilyMarshall@example.com,5/9/1974,12/27/2018
63,Phil,Brown,PhilBrown@example.com,3/2/1996,7/16/2019
64,Peter,Arnold,PeterArnold@example.com,9/21/2001,7/12/2017
65,Dylan,Ball,DylanBall@example.com,10/25/1994,9/28/2013
66,Peter,Abraham,PeterAbraham@example.com,6/5/1992,7/14/2017
67,Yvonne,Edmunds,YvonneEdmunds@example.com,3/9/1965,10/18/2017
68,John,Slater,JohnSlater@example.com,6/2/1982,5/14/2015
69,Trevor,Langdon,TrevorLangdon@example.com,11/1/1967,9/18/2018
70,Charles,Baker,CharlesBaker@example.com,5/24/1967,3/1/2017
71,Felicity,Duncan,FelicityDuncan@example.com,4/1/1972,4/24/2021
72,Anthony,James,AnthonyJames@example.com,4/11/1976,9/2/2017
73,Eric,Peters,EricPeters@example.com,2/7/1993,5/5/2020
74,Diana,Alsop,DianaAlsop@example.com,5/15/1965,5/13/2014
75,Christopher,Hemmings,ChristopherHemmings@example.com,8/18/1985,5/11/2013
76,Ava,Chapman,AvaChapman@example.com,4/18/2005,12/16/2016
77,Julian,Graham,JulianGraham@example.com,11/25/1974,6/25/2019
78,Faith,Vance,FaithVance@example.com,8/5/1985,9/14/2014
79,Richard,Wallace,RichardWallace@example.com,10/8/2000,6/10/2019
80,Sam,Hamilton,SamHamilton@example.com,2/15/1969,5/10/2021
81,Nicholas,Randall,NicholasRandall@example.com,3/3/1975,1/23/2017
82,Penelope,Scott,PenelopeScott@example.com,9/22/1994,11/17/2013
83,Dorothy,Parr,DorothyParr@example.com,1/28/1985,5/19/2021
84,Abigail,Watson,AbigailWatson@example.com,7/24/1965,5/10/2023
85,Joshua,Bond,JoshuaBond@example.com,6/22/1967,10/17/2013
86,Steven,Hodges,StevenHodges@example.com,3/2/1990,12/25/2017
87,Carl,Bower,CarlBower@example.com,9/26/1968,5/27/2021
88,Eric,Churchill,EricChurchill@example.com,1/15/1987,6/23/2015
89,Edward,Kelly,EdwardKelly@example.com,9/25/1983,4/4/2013
90,Owen,Rampling,OwenRampling@example.com,9/12/1999,9/7/2019
91,Virginia,Knox,VirginiaKnox@example.com,6/6/1976,11/9/2021
92,Stewart,Mackenzie,StewartMackenzie@example.com,11/8/1998,11/18/2021
93,Charles,Walsh,CharlesWalsh@example.com,10/8/1966,6/19/2020
94,Gordon,Pullman,GordonPullman@example.com,6/2/1989,7/6/2013
95,Tracey,Peake,TraceyPeake@example.com,12/17/1964,7/6/2013
96,Carolyn,Stewart,CarolynStewart@example.com,1/13/1999,1/25/2016
97,Max,Bailey,MaxBailey@example.com,7/24/1965,8/22/2021
98,Adrian,Baker,AdrianBaker@example.com,6/24/1965,9/7/2013
99,Carolyn,Smith,CarolynSmith@example.com,4/5/2002,9/13/2018
100,Sonia,Greene,SoniaGreene@example.com,8/18/1974,3/17/2013
101,Elizabeth,Rees,ElizabethRees@example.com,12/24/1996,12/22/2020
102,Deirdre,Allan,DeirdreAllan@example.com,1/1/2004,1/8/2021
103,Emily,Lee,EmilyLee@example.com,10/27/1983,5/17/2020
104,Brandon,Ince,BrandonInce@example.com,5/14/1988,5/5/2019
105,Matt,Lawrence,MattLawrence@example.com,10/22/1985,11/5/2016
106,Claire,Hemmings,ClaireHemmings@example.com,5/25/2004,1/16/2019
107,Kevin,MacLeod,KevinMacLeod@example.com,3/6/2002,11/15/2019
108,Joan,Nash,JoanNash@example.com,3/27/1998,11/13/2016
109,Madeleine,Roberts,MadeleineRoberts@example.com,4/16/2000,5/28/2018
110,Leonard,Harris,LeonardHarris@example.com,2/2/1965,12/6/2016
111,Boris,Henderson,BorisHenderson@example.com,3/25/1997,12/13/2014
112,Diana,Dowd,DianaDowd@example.com,10/2/1985,8/16/2017
113,Stephanie,Paterson,StephaniePaterson@example.com,11/28/1998,8/11/2014
114,Dylan,Carr,DylanCarr@example.com,1/28/1991,5/20/2019
115,Sebastian,Baker,SebastianBaker@example.com,9/26/1985,3/23/2014
116,Olivia,Abraham,OliviaAbraham@example.com,1/7/1970,1/19/2015
117,Jonathan,Baker,JonathanBaker@example.com,11/17/1968,4/10/2022
118,Megan,Lawrence,MeganLawrence@example.com,1/20/1971,10/12/2020
119,Virginia,Welch,VirginiaWelch@example.com,11/21/1989,1/7/2021
120,Leah,Robertson,LeahRobertson@example.com,12/23/1978,9/23/2023
121,Charles,Duncan,CharlesDuncan@example.com,5/10/1975,4/12/2014
122,Abigail,Hill,AbigailHill@example.com,12/26/1989,8/4/2013
123,Grace,Lee,GraceLee@example.com,3/12/1995,5/6/2015
124,Charles,Powell,CharlesPowell@example.com,4/15/1982,7/11/2018
125,Donna,Wilkins,DonnaWilkins@example.com,6/5/1978,5/3/2013
126,Cameron,Hart,CameronHart@example.com,4/11/1974,1/23/2021
127,Ruth,Cameron,RuthCameron@example.com,10/13/1966,9/12/2017
128,Mary,Burgess,MaryBurgess@example.com,8/24/1966,3/27/2018
129,Dominic,Payne,DominicPayne@example.com,12/6/1977,3/8/2023
130,Joan,Robertson,JoanRobertson@example.com,6/11/1978,8/14/2015
131,Matt,Scott,MattScott@example.com,4/27/1988,2/21/2017
132,Max,Hodges,MaxHodges@example.com,6/5/1991,12/8/2013
133,Olivia,Roberts,OliviaRoberts@example.com,7/8/1968,9/27/2023
134,Trevor,Lyman,TrevorLyman@example.com,1/10/1986,11/4/2014
135,Katherine,Ince,KatherineInce@example.com,8/26/2000,4/9/2017
136,Stewart,Dyer,StewartDyer@example.com,10/24/1989,9/17/2016
137,Alexandra,Gray,AlexandraGray@example.com,1/12/1980,9/15/2015
138,Michael,Mitchell,MichaelMitchell@example.com,9/11/1971,10/26/2022
139,Robert,MacDonald,RobertMacDonald@example.com,1/28/2004,2/22/2017
140,Mary,Forsyth,MaryForsyth@example.com,2/11/1972,6/21/2018
141,Paul,Young,PaulYoung@example.com,8/9/1997,8/15/2018
142,James,Nash,JamesNash@example.com,8/27/1968,7/5/2017
143,James,Mackenzie,JamesMackenzie@example.com,4/17/1998,4/12/2019
144,Evan,Murray,EvanMurray@example.com,10/10/1970,6/14/2015
145,Blake,Harris,BlakeHarris@example.com,1/18/1990,2/15/2015
146,Samantha,Terry,SamanthaTerry@example.com,5/18/2000,8/8/2016
147,Cameron,Walker,CameronWalker@example.com,11/16/1965,3/18/2020
148,Sean,Young,SeanYoung@example.com,10/14/1976,9/18/2018
149,Natalie,Alsop,NatalieAlsop@example.com,2/6/1963,7/22/2016
150,Bella,Black,BellaBlack@example.com,9/19/1964,7/9/2023
151,Olivia,Tucker,OliviaTucker@example.com,12/13/2005,4/1/2023
152,Olivia,Springer,OliviaSpringer@example.com,5/25/1963,10/26/2013
153,Joe,Murray,JoeMurray@example.com,12/17/1989,7/1/2013
154,Amanda,Butler,AmandaButler@example.com,9/18/1973,8/10/2023
155,Luke,Wright,LukeWright@example.com,3/6/1964,11/18/2017
156,Nathan,Walsh,NathanWalsh@example.com,6/17/1994,7/2/2022
157,Zoe,Martin,ZoeMartin@example.com,2/7/1996,6/14/2015
158,Benjamin,Hamilton,BenjaminHamilton@example.com,10/13/1986,2/14/2015
159,Stewart,Edmunds,StewartEdmunds@example.com,12/11/1987,10/26/2016
160,James,Young,JamesYoung@example.com,7/12/1999,10/13/2018
161,Sam,Buckland,SamBuckland@example.com,4/4/1993,10/26/2015
162,Paul,Oliver,PaulOliver@example.com,12/16/1997,11/22/2013
163,Ella,Lambert,EllaLambert@example.com,9/14/1983,4/4/2015
164,Rose,Pullman,RosePullman@example.com,4/19/1980,2/5/2016
165,John,Bond,JohnBond@example.com,2/21/1996,2/22/2023
166,Jessica,Lawrence,JessicaLawrence@example.com,5/9/1997,11/5/2014
167,Joe,Short,JoeShort@example.com,6/21/2001,5/1/2013
168,Rose,Brown,RoseBrown@example.com,2/21/1972,11/6/2013
169,Carol,Gray,CarolGray@example.com,11/10/1997,10/16/2016
170,Christian,Ferguson,ChristianFerguson@example.com,1/23/1970,10/4/2015
171,Sean,Morrison,SeanMorrison@example.com,12/22/1991,7/17/2023
172,Jake,Randall,JakeRandall@example.com,12/19/1974,4/12/2019
173,Ava,Mathis,AvaMathis@example.com,1/19/1988,11/23/2017
174,Warren,Ross,WarrenRoss@example.com,6/6/1976,11/13/2017
175,Diane,Fraser,DianeFraser@example.com,10/9/1982,1/7/2016
176,Jasmine,Roberts,JasmineRoberts@example.com,10/21/1971,8/12/2016
177,Charles,Ross,CharlesRoss@example.com,8/8/1985,10/19/2022
178,Trevor,Manning,TrevorManning@example.com,2/2/1964,1/19/2016
179,Bernadette,Parr,BernadetteParr@example.com,3/11/1979,12/9/2017
180,Christian,Paige,ChristianPaige@example.com,7/16/1979,2/10/2016
181,Fiona,Miller,FionaMiller@example.com,2/2/1978,7/19/2015
182,Jasmine,Clark,JasmineClark@example.com,1/6/1968,2/9/2022
183,Wendy,Robertson,WendyRobertson@example.com,5/11/1971,9/11/2023
184,Brandon,Morgan,BrandonMorgan@example.com,5/23/1983,6/20/2013
185,Steven,Pullman,StevenPullman@example.com,9/9/1984,1/20/2015
186,Jake,MacLeod,JakeMacLeod@example.com,3/3/1996,7/7/2018
187,Neil,Gray,NeilGray@example.com,9/10/1981,11/16/2021
188,Donna,Thomson,DonnaThomson@example.com,1/23/2005,12/24/2019
189,Lillian,Dyer,LillianDyer@example.com,6/1/1969,2/21/2016
190,Dan,Nolan,DanNolan@example.com,3/20/1998,3/24/2014
191,Peter,Skinner,PeterSkinner@example.com,6/15/1978,7/1/2023
192,Wendy,Powell,WendyPowell@example.com,8/4/1971,12/10/2013
193,Anna,Hughes,AnnaHughes@example.com,9/22/2002,3/6/2021
194,Heather,Clark,HeatherClark@example.com,10/9/1973,1/23/2013
195,Anne,Cameron,AnneCameron@example.com,12/12/1983,6/26/2015
196,Amy,Campbell,AmyCampbell@example.com,6/12/1981,2/10/2013
197,Robert,Greene,RobertGreene@example.com,1/26/1998,5/18/2015
198,Sophie,Tucker,SophieTucker@example.com,11/17/1985,6/10/2021
199,Maria,Morrison,MariaMorrison@example.com,11/26/1966,6/24/2014
200,Amy,Fraser,AmyFraser@example.com,7/12/1982,10/14/2023
201,Ruth,May,RuthMay@example.com,8/11/1969,2/10/2015
202,Harry,Randall,HarryRandall@example.com,10/23/2001,12/11/2022
203,Michelle,Dyer,MichelleDyer@example.com,10/28/1986,1/14/2020
204,Penelope,Skinner,PenelopeSkinner@example.com,7/2/1963,6/25/2023
205,Adam,Alsop,AdamAlsop@example.com,2/16/1991,4/3/2018
206,Elizabeth,Reid,ElizabethReid@example.com,6/4/2000,6/1/2018
207,William,Knox,WilliamKnox@example.com,7/13/1971,6/19/2020
208,Virginia,Taylor,VirginiaTaylor@example.com,10/15/1966,10/12/2018
209,Richard,Chapman,RichardChapman@example.com,6/23/1991,2/17/2022
210,Dominic,Mackay,DominicMackay@example.com,2/28/1984,8/18/2017
211,Richard,Morrison,RichardMorrison@example.com,2/12/1997,3/9/2022
212,Lucas,Powell,LucasPowell@example.com,11/13/1990,12/6/2022
213,Max,Henderson,MaxHenderson@example.com,12/2/2000,2/16/2019
214,Michael,Paterson,MichaelPaterson@example.com,12/13/2003,5/18/2017
215,Bella,Jones,BellaJones@example.com,6/28/1981,4/1/2018
216,Boris,Ellison,BorisEllison@example.com,9/28/1996,1/20/2018
217,Carol,North,CarolNorth@example.com,11/22/1973,2/16/2014
218,Robert,Allan,RobertAllan@example.com,12/2/1978,4/8/2021
219,Katherine,Ross,KatherineRoss@example.com,11/10/1981,4/23/2018
220,Penelope,Graham,PenelopeGraham@example.com,11/9/1973,7/21/2021
221,Dominic,Newman,DominicNewman@example.com,8/23/1987,1/11/2016
222,Oliver,Gill,OliverGill@example.com,7/3/1980,11/28/2017
223,Rebecca,Scott,RebeccaScott@example.com,1/21/1988,7/18/2019
224,Kimberly,MacLeod,KimberlyMacLeod@example.com,7/24/1988,12/1/2016
225,Paul,Morgan,PaulMorgan@example.com,1/2/1970,6/16/2022
226,Amanda,Rampling,AmandaRampling@example.com,11/23/1989,7/20/2023
227,Anthony,Clarkson,AnthonyClarkson@example.com,4/11/1983,11/25/2015
228,Frank,Glover,FrankGlover@example.com,9/27/1964,6/23/2013
229,Steven,Anderson,StevenAnderson@example.com,9/16/2002,5/8/2016
230,Chloe,Reid,ChloeReid@example.com,7/23/1987,8/26/2020
231,Jake,Miller,JakeMiller@example.com,8/21/1998,3/23/2022
232,Benjamin,Vaughan,BenjaminVaughan@example.com,1/25/1987,5/12/2019
233,Madeleine,Churchill,MadeleineChurchill@example.com,12/21/1976,9/10/2014
234,Sarah,Mills,SarahMills@example.com,5/21/1982,4/8/2015
235,Donna,Oliver,DonnaOliver@example.com,12/13/1976,2/5/2013
236,Harry,Dyer,HarryDyer@example.com,9/25/1969,10/22/2018
237,Leah,Allan,LeahAllan@example.com,1/7/1976,11/2/2015
238,James,Mathis,JamesMathis@example.com,1/13/1969,11/23/2017
239,Brian,Underwood,BrianUnderwood@example.com,5/1/1965,4/9/2023
240,Carol,Clarkson,CarolClarkson@example.com,6/1/2004,2/1/2022
241,Michael,Mackay,MichaelMackay@example.com,10/10/1976,2/27/2022
242,Hannah,Hamilton,HannahHamilton@example.com,3/5/1967,2/1/2018
243,Anthony,Bower,AnthonyBower@example.com,12/10/1968,12/7/2016
244,Victor,Tucker,VictorTucker@example.com,10/3/2000,1/16/2020
245,Sonia,Tucker,SoniaTucker@example.com,8/13/1969,1/3/2022
246,Stewart,Nash,StewartNash@example.com,11/25/1978,4/22/2019
247,Nicola,Payne,NicolaPayne@example.com,11/7/2004,8/6/2020
248,Amanda,Wilkins,AmandaWilkins@example.com,1/5/1994,3/5/2019
249,William,Lambert,WilliamLambert@example.com,8/15/1991,1/8/2018
250,Penelope,Berry,PenelopeBerry@example.com,1/5/1970,1/15/2019
251,Anne,Reid,AnneReid@example.com,2/27/1980,3/9/2016
252,Warren,Smith,WarrenSmith@example.com,12/5/1979,3/26/2019
253,Elizabeth,Henderson,ElizabethHenderson@example.com,10/7/1969,11/17/2013
254,Lisa,Davidson,LisaDavidson@example.com,3/7/1984,6/19/2014
255,Jack,Wright,JackWright@example.com,3/25/1976,1/25/2017
256,John,Mitchell,JohnMitchell@example.com,10/4/1974,4/18/2021
257,Karen,Stewart,KarenStewart@example.com,6/27/1984,3/14/2020
258,Vanessa,Randall,VanessaRandall@example.com,11/23/2000,3/19/2013
259,Steven,Ellison,StevenEllison@example.com,11/15/1999,11/6/2022
260,Ryan,Roberts,RyanRoberts@example.com,2/9/1993,8/28/2020
261,Alison,Alsop,AlisonAlsop@example.com,11/24/1995,12/5/2015
262,Lily,Fisher,LilyFisher@example.com,6/7/1974,8/9/2023
263,Edward,Johnston,EdwardJohnston@example.com,7/20/1979,2/7/2013
264,Christian,Hart,ChristianHart@example.com,10/6/1968,8/17/2023
265,Connor,Alsop,ConnorAlsop@example.com,10/7/1991,6/5/2022
266,Dominic,Wilkins,DominicWilkins@example.com,11/28/1978,3/9/2019
267,Maria,Bell,MariaBell@example.com,8/1/1970,6/28/2018
268,Blake,Jackson,BlakeJackson@example.com,12/12/1985,2/5/2021
269,Austin,Lewis,AustinLewis@example.com,12/2/1978,6/19/2019
270,Julia,Hunter,JuliaHunter@example.com,6/6/1965,3/9/2014
271,Sean,Blake,SeanBlake@example.com,12/23/2002,3/19/2013
272,Trevor,Ogden,TrevorOgden@example.com,7/3/1974,4/15/2015
273,Irene,Stewart,IreneStewart@example.com,10/1/1987,5/18/2020
274,Jennifer,Jones,JenniferJones@example.com,10/17/1979,9/21/2020
275,Tracey,Pullman,TraceyPullman@example.com,10/1/1988,12/8/2015
276,Sam,Davidson,SamDavidson@example.com,6/1/1976,3/8/2015
277,Trevor,Young,TrevorYoung@example.com,10/3/1999,8/13/2018
278,Jack,Watson,JackWatson@example.com,5/28/1973,6/1/2019
279,Alexander,Lee,AlexanderLee@example.com,8/9/1974,2/19/2023
280,David,Oliver,DavidOliver@example.com,11/21/2000,12/25/2013
281,Cameron,Brown,CameronBrown@example.com,6/28/2004,10/6/2020
282,Lily,McDonald,LilyMcDonald@example.com,7/3/1963,4/20/2018
283,Edward,Duncan,EdwardDuncan@example.com,9/15/2001,11/1/2023
284,Yvonne,Newman,YvonneNewman@example.com,11/21/1988,12/15/2013
285,Fiona,Chapman,FionaChapman@example.com,2/15/1984,2/18/2013
286,Claire,Lee,ClaireLee@example.com,1/12/1984,9/25/2016
287,Charles,Paige,CharlesPaige@example.com,5/14/2002,6/16/2016
288,Dominic,Chapman,DominicChapman@example.com,6/9/2005,5/15/2017
289,Anthony,Henderson,AnthonyHenderson@example.com,11/9/1994,2/5/2017
290,Penelope,Springer,PenelopeSpringer@example.com,8/26/1970,7/27/2020
291,Nicholas,Ball,NicholasBall@example.com,2/24/2004,7/22/2015
292,Edward,North,EdwardNorth@example.com,4/13/1976,7/9/2022
293,Matt,Wilson,MattWilson@example.com,8/18/1979,1/12/2022
294,John,Forsyth,JohnForsyth@example.com,6/1/1991,10/17/2021
295,Lisa,Avery,LisaAvery@example.com,12/25/1963,10/9/2023
296,Rebecca,Anderson,RebeccaAnderson@example.com,2/2/2005,8/15/2015
297,Bella,Kerr,BellaKerr@example.com,8/11/1970,7/4/2020
298,Heather,Harris,HeatherHarris@example.com,7/14/1969,8/14/2016
299,Ruth,Stewart,RuthStewart@example.com,4/13/1997,8/13/2017
300,Stewart,Anderson,StewartAnderson@example.com,8/26/1982,12/11/2018
301,Fiona,Mackay,FionaMackay@example.com,6/5/1974,9/11/2013
302,Andrea,Springer,AndreaSpringer@example.com,6/12/1967,3/10/2020
303,Bella,Scott,BellaScott@example.com,8/19/2002,6/28/2021
304,Leonard,Simpson,LeonardSimpson@example.com,5/7/2003,7/15/2022
305,Dominic,Underwood,DominicUnderwood@example.com,12/17/2000,3/5/2021
306,Andrew,Wilkins,AndrewWilkins@example.com,12/21/1971,11/23/2015
307,Jake,Skinner,JakeSkinner@example.com,4/5/1999,8/11/2020
308,Rachel,Watson,RachelWatson@example.com,7/24/1971,5/6/2016
309,Madeleine,Scott,MadeleineScott@example.com,4/10/1996,12/10/2017
310,Julian,Wallace,JulianWallace@example.com,9/22/1985,4/26/2015
311,Elizabeth,Bell,ElizabethBell@example.com,5/13/1979,12/11/2022
312,Jonathan,Duncan,JonathanDuncan@example.com,7/28/1971,2/20/2017
313,Faith,Newman,FaithNewman@example.com,2/13/1965,4/14/2019
314,Donna,Henderson,DonnaHenderson@example.com,10/28/1964,5/5/2014
315,Joseph,Buckland,JosephBuckland@example.com,11/12/1966,6/18/2017
316,Frank,Black,FrankBlack@example.com,5/11/1983,3/21/2013
317,Bella,Wright,BellaWright@example.com,5/16/1999,8/22/2020
318,Leonard,Marshall,LeonardMarshall@example.com,12/14/2004,4/21/2015
319,Nicholas,Wilkins,NicholasWilkins@example.com,1/6/1986,11/12/2022
320,Melanie,Gill,MelanieGill@example.com,3/23/1974,12/7/2013
321,Vanessa,Scott,VanessaScott@example.com,5/12/1978,4/28/2022
322,Yvonne,Lawrence,YvonneLawrence@example.com,12/3/1988,12/27/2014
323,Carl,Murray,CarlMurray@example.com,9/21/2003,2/14/2013
324,Stewart,Wilson,StewartWilson@example.com,6/7/1994,2/15/2019
325,Rebecca,Wilkins,RebeccaWilkins@example.com,6/5/1996,10/19/2018
326,Nathan,McGrath,NathanMcGrath@example.com,6/1/1997,5/13/2022
327,Kevin,Dyer,KevinDyer@example.com,12/12/1991,8/28/2019
328,Amanda,Manning,AmandaManning@example.com,10/9/1997,5/19/2016
329,Samantha,Paige,SamanthaPaige@example.com,10/9/1988,1/14/2013
330,Thomas,Ellison,ThomasEllison@example.com,8/2/1979,9/15/2016
331,Dylan,Piper,DylanPiper@example.com,1/23/1972,12/23/2019
332,Nicholas,Oliver,NicholasOliver@example.com,5/2/1986,12/2/2018
333,Brian,Black,BrianBlack@example.com,2/10/1981,11/21/2019
334,Frank,Powell,FrankPowell@example.com,2/2/1968,7/3/2022
335,Adam,Mills,AdamMills@example.com,8/22/1976,2/28/2020
336,Wanda,Allan,WandaAllan@example.com,3/28/1967,11/13/2016
337,Benjamin,Hart,BenjaminHart@example.com,5/22/2003,3/21/2013
338,Lucas,Grant,LucasGrant@example.com,12/15/1973,3/21/2021
339,Liam,Wilkins,LiamWilkins@example.com,4/19/1970,6/26/2015
340,Trevor,Slater,TrevorSlater@example.com,4/28/1975,8/7/2013
341,Melanie,Oliver,MelanieOliver@example.com,4/2/1995,10/23/2017
342,Jane,Marshall,JaneMarshall@example.com,2/15/1973,11/25/2017
343,David,Slater,DavidSlater@example.com,3/9/1985,3/21/2023
344,Adam,Bailey,AdamBailey@example.com,10/22/1986,4/11/2022
345,Frank,Russell,FrankRussell@example.com,9/5/1992,6/12/2021
346,Lucas,Welch,LucasWelch@example.com,7/17/2005,12/16/2022
347,Rose,Parsons,RoseParsons@example.com,1/2/1970,2/23/2020
348,Stephen,Hamilton,StephenHamilton@example.com,10/15/1998,3/6/2016
349,Warren,Paige,WarrenPaige@example.com,11/23/1999,11/17/2018
350,Luke,Vaughan,LukeVaughan@example.com,10/16/1998,10/19/2014
351,Diana,Coleman,DianaColeman@example.com,3/23/1969,7/26/2015
352,Irene,Piper,IrenePiper@example.com,2/23/1993,9/12/2015
353,Brian,Harris,BrianHarris@example.com,5/7/1999,4/12/2022
354,Audrey,Parsons,AudreyParsons@example.com,12/3/1974,4/24/2019
355,Sarah,Hart,SarahHart@example.com,12/26/1973,2/20/2016
356,Caroline,Hart,CarolineHart@example.com,4/6/1983,1/26/2014
357,Karen,Cameron,KarenCameron@example.com,7/5/2004,1/16/2022
358,Victor,Quinn,VictorQuinn@example.com,5/8/1992,9/23/2020
359,Wendy,Quinn,WendyQuinn@example.com,3/8/1985,10/15/2018
360,Mary,Hill,MaryHill@example.com,2/25/1989,8/3/2013
361,Megan,Bond,MeganBond@example.com,12/26/1964,5/6/2020
362,Fiona,Marshall,FionaMarshall@example.com,8/12/1998,2/10/2015
363,Michael,Butler,MichaelButler@example.com,8/20/1993,4/14/2021
364,Jake,Dowd,JakeDowd@example.com,2/17/1969,1/2/2015
365,Wendy,Nolan,WendyNolan@example.com,3/4/1985,3/27/2019
366,Dominic,Davies,DominicDavies@example.com,1/11/1998,6/27/2014
367,Brian,Carr,BrianCarr@example.com,5/20/1974,12/1/2019
368,Stephanie,Brown,StephanieBrown@example.com,2/22/1963,8/27/2014
369,Warren,Mackay,WarrenMackay@example.com,6/4/1970,9/22/2014
370,Brian,Quinn,BrianQuinn@example.com,2/25/1974,7/6/2016
371,Luke,Kerr,LukeKerr@example.com,8/18/1979,12/7/2014
372,Pippa,Pullman,PippaPullman@example.com,7/15/1977,1/8/2017
373,Ruth,Terry,RuthTerry@example.com,10/22/1973,4/7/2018
374,Penelope,Hunter,PenelopeHunter@example.com,3/18/1989,7/26/2023
375,Keith,Wallace,KeithWallace@example.com,11/19/1988,11/4/2022
376,Jane,Greene,JaneGreene@example.com,12/14/1979,3/18/2016
377,Richard,Taylor,RichardTaylor@example.com,1/25/1974,6/27/2020
378,Hannah,Cornish,HannahCornish@example.com,8/2/1972,12/27/2023
379,Steven,Hunter,StevenHunter@example.com,6/27/1993,8/6/2014
380,Brandon,Quinn,BrandonQuinn@example.com,11/5/1988,12/5/2015
381,Nicholas,Campbell,NicholasCampbell@example.com,7/10/1989,5/3/2023
382,Gabrielle,Skinner,GabrielleSkinner@example.com,3/24/1963,12/12/2013
383,Nicholas,Chapman,NicholasChapman@example.com,1/7/2000,1/27/2013
384,Jacob,Campbell,JacobCampbell@example.com,4/17/1964,10/7/2016
385,Sebastian,Welch,SebastianWelch@example.com,1/18/1992,8/7/2014
386,Dorothy,Knox,DorothyKnox@example.com,1/2/1980,11/24/2019
387,Justin,Rees,JustinRees@example.com,4/22/1986,7/15/2015
388,Nicholas,Jackson,NicholasJackson@example.com,4/5/1965,1/12/2017
389,Stewart,Turner,StewartTurner@example.com,6/14/1977,2/16/2021
390,Owen,Hamilton,OwenHamilton@example.com,3/28/1989,10/19/2021
391,William,Paige,WilliamPaige@example.com,8/5/1975,8/9/2021
392,Owen,Churchill,OwenChurchill@example.com,5/4/1994,11/5/2019
393,Jacob,Henderson,JacobHenderson@example.com,11/15/2001,9/21/2018
394,Austin,Thomson,AustinThomson@example.com,7/22/1971,10/20/2014
395,Lauren,Lyman,LaurenLyman@example.com,1/6/1965,10/9/2015
396,Joshua,Fraser,JoshuaFraser@example.com,9/12/1997,8/3/2016
397,Jack,Young,JackYoung@example.com,10/23/1976,5/28/2016
398,Brandon,Terry,BrandonTerry@example.com,6/9/1982,8/1/2022
399,Alexander,Martin,AlexanderMartin@example.com,11/24/1991,5/16/2017
400,Jacob,Bower,JacobBower@example.com,11/10/2005,7/19/2018
401,Megan,Oliver,MeganOliver@example.com,12/5/1989,5/12/2017
402,Amelia,May,AmeliaMay@example.com,10/12/1984,1/23/2016
403,Leonard,Hamilton,LeonardHamilton@example.com,6/28/1996,3/13/2023
404,Lily,Johnston,LilyJohnston@example.com,6/24/1980,1/6/2019
405,Abigail,Ross,AbigailRoss@example.com,2/7/1968,10/17/2016
406,Nathan,Turner,NathanTurner@example.com,5/15/1993,1/19/2019
407,Owen,Dyer,OwenDyer@example.com,11/7/1984,10/22/2014
408,Joanne,Dyer,JoanneDyer@example.com,3/13/1990,9/25/2020
409,Zoe,Forsyth,ZoeForsyth@example.com,12/13/1967,8/13/2014
410,Andrea,Gibson,AndreaGibson@example.com,5/7/1977,11/21/2017
411,Keith,King,KeithKing@example.com,3/11/1969,7/27/2020
412,Joe,Smith,JoeSmith@example.com,2/24/2003,8/20/2017
413,Owen,Kelly,OwenKelly@example.com,7/21/1989,5/5/2017
414,Connor,Wallace,ConnorWallace@example.com,3/21/2004,6/8/2014
415,Harry,McLean,HarryMcLean@example.com,9/18/1972,8/16/2013
416,Jasmine,Wilkins,JasmineWilkins@example.com,12/1/1997,3/4/2018
417,Christian,Jackson,ChristianJackson@example.com,7/12/1995,11/8/2017
418,Steven,Ince,StevenInce@example.com,6/12/1973,9/25/2014
419,Caroline,Abraham,CarolineAbraham@example.com,6/26/1998,9/15/2015
420,Rebecca,McDonald,RebeccaMcDonald@example.com,6/18/1966,7/6/2018
421,Kylie,Roberts,KylieRoberts@example.com,5/2/1995,12/16/2015
422,Faith,Clarkson,FaithClarkson@example.com,12/20/1972,8/14/2023
423,Robert,Glover,RobertGlover@example.com,4/19/1975,7/7/2016
424,William,Ellison,WilliamEllison@example.com,11/13/2003,11/13/2015
425,Chloe,Ogden,ChloeOgden@example.com,7/25/2005,9/7/2021
426,Andrew,Parsons,AndrewParsons@example.com,10/6/1966,8/15/2013
427,Bernadette,Slater,BernadetteSlater@example.com,3/12/1986,3/23/2015
428,Stephanie,Black,StephanieBlack@example.com,3/25/1998,4/28/2016
429,Sarah,Piper,SarahPiper@example.com,5/2/1980,4/21/2020
430,Sophie,Clark,SophieClark@example.com,10/16/1973,10/8/2021
431,Molly,Mills,MollyMills@example.com,11/2/1986,11/14/2016
432,Lisa,Wilkins,LisaWilkins@example.com,1/24/1966,5/12/2014
433,Jason,Skinner,JasonSkinner@example.com,9/9/2004,8/15/2015
434,Angela,Newman,AngelaNewman@example.com,9/14/1969,3/24/2015
435,Caroline,Paige,CarolinePaige@example.com,12/19/1985,2/26/2018
436,Jessica,Coleman,JessicaColeman@example.com,3/28/1976,12/28/2019
437,Sue,Allan,SueAllan@example.com,11/11/1964,3/21/2014
438,Harry,Avery,HarryAvery@example.com,2/26/1996,3/27/2021
439,Jonathan,Lyman,JonathanLyman@example.com,5/21/1965,1/15/2020
440,Joe,Wilkins,JoeWilkins@example.com,4/1/1991,6/10/2021
441,Stewart,MacDonald,StewartMacDonald@example.com,10/4/1964,4/14/2013
442,Karen,Miller,KarenMiller@example.com,12/6/1967,10/27/2022
443,Piers,Brown,PiersBrown@example.com,5/3/1975,3/21/2018
444,Kimberly,Piper,KimberlyPiper@example.com,4/18/1981,11/1/2019
445,Evan,Glover,EvanGlover@example.com,11/26/1970,8/8/2021
446,Mary,Hudson,MaryHudson@example.com,12/4/1968,9/10/2023
447,Natalie,Oliver,NatalieOliver@example.com,7/21/1973,11/15/2019
448,Natalie,Anderson,NatalieAnderson@example.com,4/15/2003,10/22/2016
449,Oliver,Powell,OliverPowell@example.com,2/15/1979,2/13/2018
450,Nathan,Fisher,NathanFisher@example.com,8/12/1975,9/6/2020
451,Cameron,Fraser,CameronFraser@example.com,6/17/1987,7/1/2020
452,Penelope,Grant,PenelopeGrant@example.com,6/6/1983,5/16/2014
453,Richard,Lyman,RichardLyman@example.com,1/6/1967,9/14/2014
454,Zoe,Tucker,ZoeTucker@example.com,12/12/1987,4/2/2015
455,Anna,Abraham,AnnaAbraham@example.com,6/12/1975,10/14/2022
456,Simon,Jones,SimonJones@example.com,4/9/1974,9/2/2022
457,Sophie,Peters,SophiePeters@example.com,9/27/1995,2/1/2018
458,Dylan,Ellison,DylanEllison@example.com,12/8/1971,9/6/2013
459,Madeleine,Dyer,MadeleineDyer@example.com,1/5/1964,10/24/2015
460,Vanessa,Rutherford,VanessaRutherford@example.com,3/16/1975,3/7/2014
461,Jessica,James,JessicaJames@example.com,12/2/1979,1/4/2019
462,Sally,Wright,SallyWright@example.com,2/27/1976,10/25/2020
463,Harry,Buckland,HarryBuckland@example.com,5/3/1965,10/6/2014
464,Karen,Mackenzie,KarenMackenzie@example.com,2/23/2001,10/22/2023
465,Kimberly,Davies,KimberlyDavies@example.com,4/16/1996,5/17/2016
466,Richard,May,RichardMay@example.com,6/14/1963,1/7/2015
467,Brandon,Lee,BrandonLee@example.com,11/18/1981,8/11/2017
468,Melanie,Sutherland,MelanieSutherland@example.com,5/13/2002,11/5/2019
469,Joe,Churchill,JoeChurchill@example.com,12/7/1983,12/8/2020
470,Andrea,Campbell,AndreaCampbell@example.com,9/10/2003,1/16/2021
471,Mary,Russell,MaryRussell@example.com,8/6/1967,12/15/2013
472,Lisa,Butler,LisaButler@example.com,9/5/2003,3/11/2021
473,Paul,Avery,PaulAvery@example.com,4/17/2000,10/11/2022
474,Amelia,Blake,AmeliaBlake@example.com,3/11/2002,3/17/2022
475,Piers,Mackay,PiersMackay@example.com,9/28/2001,4/2/2014
476,Paul,Jones,PaulJones@example.com,11/18/1973,11/7/2017
477,Joshua,Paige,JoshuaPaige@example.com,4/13/1975,10/2/2023
478,Sean,Lyman,SeanLyman@example.com,2/16/1999,5/16/2014
479,Sue,McDonald,SueMcDonald@example.com,11/13/1970,3/6/2021
480,Angela,Buckland,AngelaBuckland@example.com,11/15/1965,7/26/2017
481,Paul,Nolan,PaulNolan@example.com,11/9/1972,4/26/2020
482,Olivia,Brown,OliviaBrown@example.com,1/20/1966,12/15/2013
483,Emma,Duncan,EmmaDuncan@example.com,10/22/1969,9/1/2023
484,Matt,Cameron,MattCameron@example.com,10/8/1980,6/1/2013
485,Eric,Dowd,EricDowd@example.com,4/26/1964,12/17/2014
486,Peter,Hill,PeterHill@example.com,11/6/2004,8/7/2023
487,Jennifer,Buckland,JenniferBuckland@example.com,2/1/1975,7/10/2021
488,Felicity,Skinner,FelicitySkinner@example.com,4/1/1989,3/13/2013
489,Justin,MacDonald,JustinMacDonald@example.com,9/24/1980,7/11/2014
490,Rose,Russell,RoseRussell@example.com,5/21/1983,2/11/2018
491,Maria,Lyman,MariaLyman@example.com,4/28/1985,3/2/2016
492,Adam,Walker,AdamWalker@example.com,1/5/1994,4/8/2023
493,Alan,Taylor,AlanTaylor@example.com,3/26/1979,8/27/2014
494,Joseph,North,JosephNorth@example.com,6/27/2005,3/23/2023
495,Luke,Smith,LukeSmith@example.com,8/11/1996,1/1/2018
496,Natalie,Peters,NataliePeters@example.com,9/12/1986,6/13/2013
497,Jennifer,Paterson,JenniferPaterson@example.com,4/11/2000,4/24/2020
498,Alexander,Peters,AlexanderPeters@example.com,6/3/2004,6/2/2016
499,Connor,Ogden,ConnorOgden@example.com,3/9/1981,7/21/2022
500,Diane,Marshall,DianeMarshall@example.com,2/27/2003,8/21/2014
501,Victoria,Bower,VictoriaBower@example.com,3/9/1994,11/10/2017
502,Jacob,Kelly,JacobKelly@example.com,9/1/2004,7/25/2019
503,Benjamin,James,BenjaminJames@example.com,3/28/1988,3/20/2020
504,William,Morgan,WilliamMorgan@example.com,11/9/1964,7/25/2023
505,Joanne,Henderson,JoanneHenderson@example.com,4/10/2005,1/28/2015
506,Max,Gray,MaxGray@example.com,5/17/1995,3/23/2018
507,Sally,Wilson,SallyWilson@example.com,12/4/1995,12/10/2023
508,Vanessa,Turner,VanessaTurner@example.com,12/8/1967,10/22/2013
509,Peter,Butler,PeterButler@example.com,5/14/1973,8/10/2019
510,Sonia,Kelly,SoniaKelly@example.com,6/1/1968,8/2/2018
511,Gavin,Brown,GavinBrown@example.com,1/26/1995,7/12/2016
512,Thomas,Lambert,ThomasLambert@example.com,1/1/1998,12/4/2021
513,Zoe,Dyer,ZoeDyer@example.com,2/10/1965,1/20/2021
514,Leonard,Jones,LeonardJones@example.com,2/18/1991,3/20/2019
515,Luke,Dowd,LukeDowd@example.com,12/13/1977,4/12/2018
516,Frank,Ross,FrankRoss@example.com,10/14/1967,10/27/2018
517,Dominic,Manning,DominicManning@example.com,6/24/1979,10/4/2016
518,Oliver,Lyman,OliverLyman@example.com,9/3/1966,11/16/2016
519,Fiona,King,FionaKing@example.com,5/21/1987,11/26/2023
520,Oliver,Payne,OliverPayne@example.com,3/22/1999,10/11/2023
521,Alan,Buckland,AlanBuckland@example.com,11/20/2002,5/23/2019
522,Brian,Sanderson,BrianSanderson@example.com,7/25/1985,9/4/2020
523,Cameron,Alsop,CameronAlsop@example.com,2/12/1997,11/22/2016
524,Victor,Davidson,VictorDavidson@example.com,12/27/1982,5/14/2016
525,Paul,Piper,PaulPiper@example.com,5/20/1963,10/17/2015
526,Austin,Brown,AustinBrown@example.com,10/11/1978,8/27/2021
527,Virginia,Paige,VirginiaPaige@example.com,3/22/1975,10/23/2023
528,Kimberly,Reid,KimberlyReid@example.com,11/4/1997,10/28/2018
529,Trevor,Hunter,TrevorHunter@example.com,4/24/1964,9/7/2016
530,Jane,McLean,JaneMcLean@example.com,2/6/1971,5/27/2013
531,John,Martin,JohnMartin@example.com,11/5/2005,11/12/2016
532,Adrian,Stewart,AdrianStewart@example.com,3/21/1963,8/10/2021
533,Joe,Kelly,JoeKelly@example.com,2/2/1993,7/4/2021
534,Joseph,Tucker,JosephTucker@example.com,8/4/1971,8/17/2021
535,Evan,Davidson,EvanDavidson@example.com,5/18/1975,12/7/2018
536,Victor,Nolan,VictorNolan@example.com,8/22/1978,10/2/2016
537,Simon,Martin,SimonMartin@example.com,5/6/1989,6/21/2022
538,Thomas,Powell,ThomasPowell@example.com,3/2/1988,4/12/2017
539,Ryan,Taylor,RyanTaylor@example.com,9/3/1983,11/4/2018
540,Theresa,Stewart,TheresaStewart@example.com,4/3/1987,3/1/2022
541,Donna,Ellison,DonnaEllison@example.com,1/4/1972,4/27/2014
542,Olivia,Churchill,OliviaChurchill@example.com,2/15/2000,10/2/2014
543,Leonard,Carr,LeonardCarr@example.com,8/9/1981,11/21/2016
544,Kevin,Glover,KevinGlover@example.com,11/10/1997,12/7/2017
545,Charles,Metcalfe,CharlesMetcalfe@example.com,6/13/1974,2/16/2019
546,Tracey,Paterson,TraceyPaterson@example.com,12/6/1979,7/3/2018
547,Andrew,McGrath,AndrewMcGrath@example.com,10/1/1971,7/4/2019
548,Max,Wright,MaxWright@example.com,3/13/1964,12/26/2017
549,Thomas,Arnold,ThomasArnold@example.com,9/25/1992,7/16/2023
550,Wendy,Glover,WendyGlover@example.com,8/21/1990,11/21/2020
551,Dylan,Stewart,DylanStewart@example.com,2/15/1974,10/18/2020
552,Harry,Dowd,HarryDowd@example.com,4/16/1973,12/27/2021
553,Abigail,North,AbigailNorth@example.com,12/10/1966,6/21/2016
554,Wanda,Randall,WandaRandall@example.com,4/1/1987,1/17/2016
555,Carol,Butler,CarolButler@example.com,3/17/2004,2/21/2023
556,Matt,Graham,MattGraham@example.com,4/19/1984,10/18/2020
557,Ryan,MacLeod,RyanMacLeod@example.com,6/16/1985,12/4/2021
558,Lauren,Hart,LaurenHart@example.com,3/23/2005,7/14/2021
559,Rachel,Hunter,RachelHunter@example.com,8/20/2002,3/17/2018
560,Gavin,Underwood,GavinUnderwood@example.com,9/28/1995,7/26/2015
561,Liam,Powell,LiamPowell@example.com,10/26/1967,12/20/2018
562,Jessica,Carr,JessicaCarr@example.com,1/13/1984,1/7/2019
563,Lisa,Parr,LisaParr@example.com,4/22/1966,8/2/2013
564,Pippa,Morrison,PippaMorrison@example.com,11/6/1964,1/21/2015
565,Joseph,Dowd,JosephDowd@example.com,2/10/1964,7/5/2014
566,Victor,Henderson,VictorHenderson@example.com,1/16/1968,3/21/2018
567,Jane,Davies,JaneDavies@example.com,7/14/1972,5/25/2016
568,Molly,Peters,MollyPeters@example.com,5/12/1982,9/20/2021
569,Samantha,North,SamanthaNorth@example.com,1/26/1967,8/16/2019
570,Joshua,Hughes,JoshuaHughes@example.com,10/9/1968,9/9/2015
571,Amanda,Peake,AmandaPeake@example.com,8/8/1973,6/19/2015
572,Lucas,Kerr,LucasKerr@example.com,10/18/1990,2/9/2015
573,Matt,Hughes,MattHughes@example.com,10/18/1987,5/9/2020
574,Karen,Robertson,KarenRobertson@example.com,7/8/2005,6/4/2021
575,Robert,Walsh,RobertWalsh@example.com,7/2/1976,12/24/2023
576,Richard,Springer,RichardSpringer@example.com,12/1/2003,4/6/2020
577,Gordon,Peake,GordonPeake@example.com,4/3/1998,7/17/2022
578,Max,Gibson,MaxGibson@example.com,8/14/1963,4/8/2015
579,Jasmine,Mitchell,JasmineMitchell@example.com,7/3/1994,10/7/2018
580,Eric,King,EricKing@example.com,12/13/1979,11/14/2019
581,Neil,Berry,NeilBerry@example.com,7/6/1974,2/17/2017
582,Chloe,Randall,ChloeRandall@example.com,1/17/2005,2/23/2023
583,Lily,Paige,LilyPaige@example.com,9/24/1990,12/15/2015
584,Carolyn,North,CarolynNorth@example.com,11/8/1980,11/10/2023
585,Benjamin,Randall,BenjaminRandall@example.com,10/12/1975,7/4/2019
586,Carol,Martin,CarolMartin@example.com,7/11/1994,3/16/2015
587,Wanda,Churchill,WandaChurchill@example.com,6/12/1986,12/25/2023
588,Sue,Russell,SueRussell@example.com,9/5/1992,4/12/2022
589,Eric,May,EricMay@example.com,10/24/1997,2/7/2018
590,Simon,Short,SimonShort@example.com,3/28/1967,12/2/2013
591,Grace,Allan,GraceAllan@example.com,2/28/1963,10/4/2014
592,Sebastian,Dowd,SebastianDowd@example.com,1/7/1965,1/24/2014
593,Elizabeth,Terry,ElizabethTerry@example.com,2/21/2002,7/14/2023
594,Sally,Kerr,SallyKerr@example.com,9/9/1980,4/8/2015
595,Jason,Ferguson,JasonFerguson@example.com,2/7/1988,6/24/2014
596,Megan,Marshall,MeganMarshall@example.com,12/6/1965,1/3/2013
597,Deirdre,Blake,DeirdreBlake@example.com,1/1/1989,10/12/2016
598,Kevin,Sanderson,KevinSanderson@example.com,2/5/1984,6/22/2019
599,Colin,Jones,ColinJones@example.com,3/22/2005,9/3/2015
600,Steven,Johnston,StevenJohnston@example.com,12/10/1981,12/7/2019
601,Colin,Rutherford,ColinRutherford@example.com,6/17/1971,5/24/2018
602,Edward,Quinn,EdwardQuinn@example.com,10/2/2000,3/7/2021
603,Benjamin,Metcalfe,BenjaminMetcalfe@example.com,3/10/1994,2/1/2018
604,Gabrielle,Taylor,GabrielleTaylor@example.com,8/4/1994,3/22/2013
605,Elizabeth,Marshall,ElizabethMarshall@example.com,2/9/1991,4/14/2014
606,Oliver,Gray,OliverGray@example.com,3/12/1977,3/16/2013
607,Connor,Wilson,ConnorWilson@example.com,3/21/1981,8/7/2013
608,Carol,Turner,CarolTurner@example.com,5/21/1983,12/20/2018
609,Audrey,Scott,AudreyScott@example.com,5/21/1988,2/27/2017
610,Lillian,Sutherland,LillianSutherland@example.com,1/6/2001,5/18/2014
611,Carol,Wilkins,CarolWilkins@example.com,10/23/1993,2/6/2016
612,Nathan,Piper,NathanPiper@example.com,1/3/1993,10/19/2017
613,Andrew,Greene,AndrewGreene@example.com,6/4/1987,3/6/2014
614,Sue,Bower,SueBower@example.com,3/11/1972,12/1/2018
615,Ella,Skinner,EllaSkinner@example.com,2/7/1995,11/7/2015
616,Evan,Hamilton,EvanHamilton@example.com,6/23/1998,5/7/2023
617,Karen,Lee,KarenLee@example.com,9/27/1964,9/25/2022
618,Julian,Tucker,JulianTucker@example.com,6/21/1989,3/12/2013
619,Tim,Hudson,TimHudson@example.com,12/1/1991,7/2/2021
620,Oliver,Young,OliverYoung@example.com,7/2/1991,4/20/2018
621,Ruth,Watson,RuthWatson@example.com,3/7/2002,12/19/2023
622,Elizabeth,Hodges,ElizabethHodges@example.com,8/21/2000,12/11/2023
623,Audrey,Sanderson,AudreySanderson@example.com,3/26/1970,9/13/2016
624,Frank,Berry,FrankBerry@example.com,4/2/1964,6/22/2021
625,Neil,Stewart,NeilStewart@example.com,8/6/1987,4/7/2018
626,Amy,Chapman,AmyChapman@example.com,1/15/1967,8/1/2019
627,Nicholas,Powell,NicholasPowell@example.com,9/15/2000,12/9/2015
628,Cameron,Anderson,CameronAnderson@example.com,12/14/1967,5/5/2015
629,Isaac,Taylor,IsaacTaylor@example.com,8/25/1986,5/2/2015
630,Thomas,Edmunds,ThomasEdmunds@example.com,11/15/1973,5/17/2015
631,Adrian,Gibson,AdrianGibson@example.com,3/28/1973,7/13/2015
632,Leonard,Stewart,LeonardStewart@example.com,7/2/1999,10/9/2020
633,Leah,Mackay,LeahMackay@example.com,6/27/1997,4/24/2021
634,William,Springer,WilliamSpringer@example.com,12/2/1983,1/2/2014
635,James,Manning,JamesManning@example.com,7/21/1974,3/12/2021
636,Mary,Rampling,MaryRampling@example.com,8/26/1972,1/19/2021
637,Molly,North,MollyNorth@example.com,4/6/1976,3/27/2015
638,Robert,Slater,RobertSlater@example.com,10/21/1980,12/12/2018
639,Kylie,Duncan,KylieDuncan@example.com,7/7/1991,2/21/2016
640,Emma,Sanderson,EmmaSanderson@example.com,6/16/1980,4/17/2017
641,Natalie,Hudson,NatalieHudson@example.com,6/11/1982,11/22/2017
642,Simon,Abraham,SimonAbraham@example.com,8/28/1973,1/11/2018
643,Caroline,Morgan,CarolineMorgan@example.com,7/2/1978,7/18/2017
644,Gavin,Gill,GavinGill@example.com,1/26/2005,5/13/2015
645,Sophie,Anderson,SophieAnderson@example.com,10/25/1972,4/8/2019
646,Isaac,Tucker,IsaacTucker@example.com,3/27/1998,10/5/2019
647,Alexander,Payne,AlexanderPayne@example.com,11/14/1983,2/5/2013
648,Amy,Stewart,AmyStewart@example.com,1/14/2004,10/6/2023
649,Piers,Johnston,PiersJohnston@example.com,5/27/1968,4/1/2019
650,Jane,Slater,JaneSlater@example.com,3/27/1980,3/7/2013
651,Jan,Nash,JanNash@example.com,7/9/1969,11/28/2017
652,Keith,Hill,KeithHill@example.com,7/17/1963,9/16/2021
653,Benjamin,Butler,BenjaminButler@example.com,3/16/1978,9/6/2021
654,Gavin,Bailey,GavinBailey@example.com,4/8/1963,12/1/2018
655,Jake,Dickens,JakeDickens@example.com,1/20/1970,1/25/2017
656,Adrian,Rampling,AdrianRampling@example.com,3/22/1965,9/23/2020
657,Isaac,Thomson,IsaacThomson@example.com,12/4/1964,5/17/2018
658,Keith,Underwood,KeithUnderwood@example.com,2/13/1964,6/2/2020
659,Sophie,Hemmings,SophieHemmings@example.com,11/12/2003,4/19/2020
660,Nicholas,Abraham,NicholasAbraham@example.com,12/5/1998,8/16/2013
661,Matt,MacLeod,MattMacLeod@example.com,2/15/1987,5/17/2020
662,Theresa,Rampling,TheresaRampling@example.com,4/12/2000,4/13/2017
663,Peter,Turner,PeterTurner@example.com,12/16/1984,6/16/2016
664,Jonathan,Turner,JonathanTurner@example.com,6/15/1970,8/10/2015
665,Trevor,Davies,TrevorDavies@example.com,8/18/1973,5/3/2019
666,Diane,Payne,DianePayne@example.com,9/17/1964,10/9/2013
667,Eric,Dyer,EricDyer@example.com,9/28/1967,4/28/2016
668,Austin,Dyer,AustinDyer@example.com,12/9/1985,3/2/2015
669,Rose,Young,RoseYoung@example.com,10/10/2002,3/20/2017
670,Leonard,Mitchell,LeonardMitchell@example.com,9/17/1980,1/15/2021
671,Karen,Peake,KarenPeake@example.com,1/1/1966,8/5/2017
672,Neil,Mackay,NeilMackay@example.com,2/7/1972,3/6/2020
673,Julian,Allan,JulianAllan@example.com,3/8/1966,5/11/2018
674,Richard,Greene,RichardGreene@example.com,10/21/1976,10/23/2014
675,Grace,Ball,GraceBall@example.com,7/13/1978,9/15/2020
676,Carolyn,Butler,CarolynButler@example.com,1/13/1990,1/12/2014
677,Diane,Sanderson,DianeSanderson@example.com,2/11/1983,11/1/2022
678,Sonia,Hamilton,SoniaHamilton@example.com,10/14/2003,5/22/2016
679,Connor,Turner,ConnorTurner@example.com,1/19/1987,11/2/2013
680,Emma,Lambert,EmmaLambert@example.com,8/15/1973,4/4/2016
681,Jonathan,Bell,JonathanBell@example.com,3/26/2003,3/21/2018
682,Christopher,Morgan,ChristopherMorgan@example.com,10/9/1985,6/12/2013
683,Gordon,McDonald,GordonMcDonald@example.com,11/27/1986,2/11/2022
684,Emily,Kerr,EmilyKerr@example.com,5/13/1991,2/10/2019
685,Richard,Manning,RichardManning@example.com,1/13/1985,11/6/2017
686,Kevin,Rees,KevinRees@example.com,5/23/1981,7/26/2018
687,Sean,Bailey,SeanBailey@example.com,10/28/1976,7/21/2020
688,Kevin,Dowd,KevinDowd@example.com,2/25/2005,7/15/2014
689,Una,Churchill,UnaChurchill@example.com,3/18/1995,4/11/2018
690,Rachel,Hamilton,RachelHamilton@example.com,4/9/1991,7/6/2016
691,Nicola,Jones,NicolaJones@example.com,2/9/1987,11/21/2023
692,Stewart,Coleman,StewartColeman@example.com,10/25/2001,12/23/2021
693,Nicola,McGrath,NicolaMcGrath@example.com,10/28/1963,1/2/2015
694,Sonia,Jackson,SoniaJackson@example.com,4/1/1998,9/6/2023
695,Christopher,Hart,ChristopherHart@example.com,2/15/2001,11/9/2015
696,Mary,Davies,MaryDavies@example.com,3/12/1970,9/7/2018
697,Audrey,Paterson,AudreyPaterson@example.com,4/16/2001,11/18/2020
698,Leonard,McLean,LeonardMcLean@example.com,1/15/1963,8/6/2014
699,Jonathan,Russell,JonathanRussell@example.com,12/4/1990,11/2/2016
700,Diana,Brown,DianaBrown@example.com,11/28/1992,10/20/2021
701,Ella,Paige,EllaPaige@example.com,12/18/1978,5/6/2018
702,Claire,Thomson,ClaireThomson@example.com,7/18/2004,4/21/2017
703,Ian,North,IanNorth@example.com,10/10/2003,2/8/2022
704,Benjamin,Sanderson,BenjaminSanderson@example.com,2/24/1972,7/23/2022
705,Gordon,Greene,GordonGreene@example.com,9/21/1968,10/3/2018
706,Peter,Buckland,PeterBuckland@example.com,3/28/1979,5/7/2017
707,Diane,Reid,DianeReid@example.com,8/8/2005,4/24/2022
708,Hannah,Metcalfe,HannahMetcalfe@example.com,9/23/1982,2/26/2021
709,John,Pullman,JohnPullman@example.com,1/24/1988,11/24/2020
710,Robert,Hughes,RobertHughes@example.com,8/27/1975,7/19/2022
711,Rebecca,Nash,RebeccaNash@example.com,7/7/1999,8/24/2016
712,Jasmine,Howard,JasmineHoward@example.com,3/12/1988,9/27/2020
713,Ava,Henderson,AvaHenderson@example.com,6/12/1985,5/18/2015
714,Sophie,Hamilton,SophieHamilton@example.com,2/13/1980,11/28/2019
715,Jan,Gray,JanGray@example.com,1/24/1965,3/17/2016
716,Lucas,Taylor,LucasTaylor@example.com,12/24/1994,11/1/2013
717,Madeleine,Burgess,MadeleineBurgess@example.com,9/11/1996,3/19/2016
718,Jennifer,Hill,JenniferHill@example.com,9/9/1965,11/14/2017
719,Sarah,Sharp,SarahSharp@example.com,5/25/1983,10/12/2018
720,Sonia,Watson,SoniaWatson@example.com,9/13/1984,2/24/2013
721,Brian,Howard,BrianHoward@example.com,3/21/1975,7/23/2019
722,Lillian,Lewis,LillianLewis@example.com,2/18/1963,7/15/2016
723,Molly,Simpson,MollySimpson@example.com,2/14/1995,11/15/2022
724,Austin,James,AustinJames@example.com,4/26/1968,12/23/2021
725,Felicity,Newman,FelicityNewman@example.com,11/2/1979,7/11/2020
726,Charles,Poole,CharlesPoole@example.com,9/25/1996,9/1/2014
727,Angela,McDonald,AngelaMcDonald@example.com,7/4/1969,5/21/2014
728,William,Coleman,WilliamColeman@example.com,10/14/1976,10/19/2017
729,Blake,North,BlakeNorth@example.com,4/11/2000,9/24/2020
730,Stewart,Rutherford,StewartRutherford@example.com,7/27/1999,3/24/2013
731,Simon,Vance,SimonVance@example.com,5/23/1995,7/26/2017
732,Sarah,Nolan,SarahNolan@example.com,4/2/1971,9/18/2018
733,Sarah,Peake,SarahPeake@example.com,2/10/1991,7/28/2016
734,Connor,Edmunds,ConnorEdmunds@example.com,10/14/1965,10/8/2019
735,Julian,Abraham,JulianAbraham@example.com,4/28/1987,8/2/2022
736,Megan,Gibson,MeganGibson@example.com,6/13/1981,5/8/2020
737,Lily,Chapman,LilyChapman@example.com,4/16/1971,12/18/2022
738,Oliver,Lambert,OliverLambert@example.com,9/22/1987,7/28/2018
739,Austin,Payne,AustinPayne@example.com,10/7/1984,5/10/2014
740,Owen,Knox,OwenKnox@example.com,6/7/1964,3/6/2017
741,Thomas,Duncan,ThomasDuncan@example.com,10/13/1995,10/9/2019
742,Justin,Jackson,JustinJackson@example.com,11/7/1982,5/11/2013
743,Lucas,Hunter,LucasHunter@example.com,8/24/1980,3/20/2014
744,Andrew,Stewart,AndrewStewart@example.com,6/20/1999,8/7/2023
745,Carol,Reid,CarolReid@example.com,11/3/2001,2/27/2017
746,Gordon,Davidson,GordonDavidson@example.com,4/3/1981,8/28/2017
747,Liam,Coleman,LiamColeman@example.com,5/3/1973,10/13/2014
748,Alison,White,AlisonWhite@example.com,3/5/1991,2/9/2021
749,Alison,Mackay,AlisonMackay@example.com,1/3/1963,5/8/2018
750,Phil,Piper,PhilPiper@example.com,12/13/1991,6/18/2016
751,Diane,Hudson,DianeHudson@example.com,10/17/1985,2/13/2013
752,Dan,Ogden,DanOgden@example.com,2/21/1965,11/13/2023
753,Melanie,Murray,MelanieMurray@example.com,1/13/1997,12/5/2018
754,Oliver,Harris,OliverHarris@example.com,8/27/1972,7/8/2018
755,Dan,Simpson,DanSimpson@example.com,3/26/1966,11/10/2019
756,Irene,Paige,IrenePaige@example.com,7/16/2001,4/19/2018
757,Megan,Carr,MeganCarr@example.com,3/9/1978,1/19/2014
758,Andrew,Miller,AndrewMiller@example.com,11/27/1992,2/4/2013
759,Emily,Peters,EmilyPeters@example.com,9/10/1987,11/6/2021
760,Robert,McLean,RobertMcLean@example.com,5/6/1973,10/18/2021
761,Chloe,Metcalfe,ChloeMetcalfe@example.com,5/25/2005,2/27/2021
762,Mary,Oliver,MaryOliver@example.com,3/10/1986,12/15/2020
763,Jake,Baker,JakeBaker@example.com,5/16/1971,5/22/2015
764,Luke,Vance,LukeVance@example.com,6/8/1968,2/6/2021
765,Blake,Martin,BlakeMartin@example.com,4/23/1995,3/4/2016
766,Virginia,Dyer,VirginiaDyer@example.com,2/21/1975,9/20/2017
767,Lucas,Mitchell,LucasMitchell@example.com,5/5/1987,3/12/2020
768,Katherine,Slater,KatherineSlater@example.com,6/20/1970,10/10/2022
769,Adrian,Peters,AdrianPeters@example.com,12/1/1996,7/3/2021
770,Keith,Martin,KeithMartin@example.com,9/18/1967,5/13/2017
771,Lucas,Simpson,LucasSimpson@example.com,1/9/2005,12/1/2013
772,Harry,Parsons,HarryParsons@example.com,2/27/2005,4/4/2014
773,Virginia,Wright,VirginiaWright@example.com,2/20/1992,9/13/2013
774,Donna,Slater,DonnaSlater@example.com,3/15/1985,6/13/2014
775,Brandon,Fisher,BrandonFisher@example.com,10/5/1985,5/7/2023
776,Ian,Abraham,IanAbraham@example.com,8/20/1993,5/4/2016
777,Stewart,Vaughan,StewartVaughan@example.com,5/7/1982,8/27/2013
778,Adrian,Walsh,AdrianWalsh@example.com,10/20/1965,1/9/2021
779,Blake,Underwood,BlakeUnderwood@example.com,1/4/1963,11/10/2023
780,Eric,Sutherland,EricSutherland@example.com,5/26/1963,5/21/2016
781,Alison,Hughes,AlisonHughes@example.com,4/5/2005,8/15/2013
782,Liam,Bond,LiamBond@example.com,1/28/1985,11/17/2023
783,Jack,Graham,JackGraham@example.com,11/2/1971,7/10/2023
784,Angela,Gray,AngelaGray@example.com,8/10/2003,8/9/2016
785,Melanie,Langdon,MelanieLangdon@example.com,11/19/1994,10/25/2014
786,Anne,Avery,AnneAvery@example.com,2/17/1978,8/12/2016
787,Yvonne,Sutherland,YvonneSutherland@example.com,2/2/1965,1/7/2022
788,Molly,Terry,MollyTerry@example.com,9/5/1975,2/1/2018
789,Jennifer,Lyman,JenniferLyman@example.com,8/4/1987,4/17/2016
790,Emma,Lyman,EmmaLyman@example.com,3/8/2005,11/13/2022
791,Dominic,Jones,DominicJones@example.com,4/11/1995,2/16/2018
792,Hannah,Brown,HannahBrown@example.com,4/13/1974,6/25/2018
793,Lauren,Clarkson,LaurenClarkson@example.com,1/5/1978,10/19/2016
794,Ian,Allan,IanAllan@example.com,7/16/1974,4/13/2017
795,Jessica,Wilson,JessicaWilson@example.com,2/22/1996,7/20/2013
796,Jake,Lee,JakeLee@example.com,9/20/1988,2/25/2015
797,Sue,Chapman,SueChapman@example.com,7/7/1965,9/21/2021
798,Gordon,May,GordonMay@example.com,4/28/1983,11/20/2016
799,Diana,Martin,DianaMartin@example.com,9/2/1988,8/7/2019
800,Benjamin,Johnston,BenjaminJohnston@example.com,4/3/1981,4/26/2022
801,Jake,Sanderson,JakeSanderson@example.com,10/23/1983,7/25/2019
802,Dan,Rampling,DanRampling@example.com,2/15/1985,5/10/2016
803,Fiona,Berry,FionaBerry@example.com,8/26/1986,11/7/2020
804,Diane,Kelly,DianeKelly@example.com,11/28/2004,12/11/2018
805,Audrey,Vaughan,AudreyVaughan@example.com,6/9/1965,3/24/2018
806,Jake,Roberts,JakeRoberts@example.com,3/28/1974,11/3/2016
807,Penelope,Clark,PenelopeClark@example.com,4/3/1983,1/20/2022
808,Richard,Avery,RichardAvery@example.com,2/22/1993,11/11/2022
809,Diana,Langdon,DianaLangdon@example.com,10/2/1990,11/8/2019
810,Evan,Sharp,EvanSharp@example.com,7/20/1983,5/3/2015
811,Madeleine,White,MadeleineWhite@example.com,9/13/1988,2/8/2018
812,Evan,Skinner,EvanSkinner@example.com,6/14/1966,8/12/2017
813,Ian,Mitchell,IanMitchell@example.com,2/24/1993,10/8/2021
814,Zoe,Skinner,ZoeSkinner@example.com,11/2/1992,2/3/2018
815,Blake,Hill,BlakeHill@example.com,7/15/1967,2/6/2015
816,Amelia,Vaughan,AmeliaVaughan@example.com,2/21/1969,5/17/2013
817,Julia,Black,JuliaBlack@example.com,9/11/1995,3/11/2020
818,Frank,Abraham,FrankAbraham@example.com,11/6/2004,5/16/2017
819,Jasmine,Hodges,JasmineHodges@example.com,6/20/1976,12/22/2022
820,Mary,Jackson,MaryJackson@example.com,6/6/1969,5/23/2022
821,Jennifer,Slater,JenniferSlater@example.com,1/11/1963,7/28/2017
822,Paul,Russell,PaulRussell@example.com,6/1/1999,6/13/2014
823,Joan,Murray,JoanMurray@example.com,3/3/1965,7/25/2017
824,Adam,Dyer,AdamDyer@example.com,9/6/1984,10/16/2015
825,Ruth,Brown,RuthBrown@example.com,1/2/1991,6/1/2023
826,Bernadette,Brown,BernadetteBrown@example.com,9/11/1998,3/4/2019
827,Brian,Mackenzie,BrianMackenzie@example.com,6/24/1968,3/20/2021
828,Olivia,Newman,OliviaNewman@example.com,1/15/1999,7/5/2022
829,Sarah,White,SarahWhite@example.com,7/26/1963,12/22/2014
830,Amelia,Turner,AmeliaTurner@example.com,3/2/2001,5/19/2017
831,Wanda,Gibson,WandaGibson@example.com,5/28/1995,3/25/2017
832,Lucas,Parr,LucasParr@example.com,1/22/1969,4/15/2020
833,Abigail,Manning,AbigailManning@example.com,7/28/2004,1/6/2020
834,Blake,Ogden,BlakeOgden@example.com,11/6/1997,12/19/2021
835,Jason,Gill,JasonGill@example.com,8/10/1984,1/3/2022
836,Neil,May,NeilMay@example.com,10/18/1972,3/28/2017
837,Ryan,Hardacre,RyanHardacre@example.com,1/26/1978,4/20/2023
838,Ella,Roberts,EllaRoberts@example.com,1/28/1964,5/21/2023
839,Victor,Wilkins,VictorWilkins@example.com,12/28/2004,7/26/2016
840,Joan,Abraham,JoanAbraham@example.com,7/23/2002,4/22/2013
841,Harry,Ellison,HarryEllison@example.com,10/22/1964,12/18/2015
842,Jane,Kelly,JaneKelly@example.com,8/22/1994,2/8/2017
843,Steven,Kelly,StevenKelly@example.com,3/27/1989,2/25/2016
844,Ella,Blake,EllaBlake@example.com,11/20/1980,8/9/2016
845,David,Smith,DavidSmith@example.com,12/19/1965,9/10/2014
846,Alexandra,Roberts,AlexandraRoberts@example.com,10/27/2003,5/20/2023
847,Alan,Watson,AlanWatson@example.com,12/20/1972,1/28/2022
848,Nicholas,Blake,NicholasBlake@example.com,4/4/2002,8/3/2020
849,Sophie,Brown,SophieBrown@example.com,11/14/1975,3/17/2013
850,Claire,Hunter,ClaireHunter@example.com,8/6/1973,9/10/2023
851,Matt,Allan,MattAllan@example.com,8/23/1978,9/6/2020
852,Felicity,Walker,FelicityWalker@example.com,11/17/1986,1/21/2018
853,Angela,Jackson,AngelaJackson@example.com,3/21/1973,5/5/2022
854,Trevor,Graham,TrevorGraham@example.com,12/9/1963,6/25/2014
855,Dylan,North,DylanNorth@example.com,9/7/1965,3/28/2019
856,Alexandra,Slater,AlexandraSlater@example.com,7/18/1998,8/2/2023
857,Stephen,Cornish,StephenCornish@example.com,7/5/1985,12/25/2020
858,Carl,Hamilton,CarlHamilton@example.com,10/17/1977,11/5/2016
859,Ava,Cornish,AvaCornish@example.com,7/26/1982,2/14/2022
860,Max,Fisher,MaxFisher@example.com,12/7/1985,1/27/2016
861,Pippa,James,PippaJames@example.com,5/18/1969,5/17/2023
862,Anthony,Marshall,AnthonyMarshall@example.com,5/19/1972,10/14/2014
863,Sam,Ross,SamRoss@example.com,7/17/1999,11/21/2016
864,Lauren,Nash,LaurenNash@example.com,4/23/1982,1/24/2016
865,Lillian,Hill,LillianHill@example.com,3/14/1967,12/9/2022
866,Peter,Thomson,PeterThomson@example.com,12/6/1993,11/24/2015
867,Molly,Poole,MollyPoole@example.com,6/10/1993,7/3/2017
868,Nicholas,Wallace,NicholasWallace@example.com,6/20/2002,9/5/2022
869,Rachel,McLean,RachelMcLean@example.com,7/9/1972,10/28/2016
870,Justin,Piper,JustinPiper@example.com,8/15/1981,5/9/2017
871,Boris,Lee,BorisLee@example.com,10/28/1965,4/1/2018
872,Chloe,Black,ChloeBlack@example.com,2/27/1999,10/16/2019
873,Caroline,Walsh,CarolineWalsh@example.com,10/13/1981,1/18/2015
874,Nicola,Davies,NicolaDavies@example.com,12/13/1997,4/12/2020
875,Zoe,Henderson,ZoeHenderson@example.com,6/19/1963,1/24/2016
876,Sam,Thomson,SamThomson@example.com,7/21/1999,7/2/2018
877,Christian,Russell,ChristianRussell@example.com,10/20/1966,1/18/2021
878,Ruth,Sharp,RuthSharp@example.com,6/26/1991,2/19/2020
879,Liam,Cameron,LiamCameron@example.com,8/3/1978,8/25/2016
880,Gordon,Newman,GordonNewman@example.com,5/20/1969,6/11/2018
881,Yvonne,Knox,YvonneKnox@example.com,11/11/1985,4/14/2020
882,Bella,Kelly,BellaKelly@example.com,4/28/1981,3/4/2018
883,William,Anderson,WilliamAnderson@example.com,1/20/1973,7/13/2023
884,Amy,Anderson,AmyAnderson@example.com,1/25/1992,4/17/2017
885,Gordon,Hodges,GordonHodges@example.com,4/14/1973,6/9/2021
886,Piers,Alsop,PiersAlsop@example.com,5/10/1981,2/7/2013
887,Jack,Springer,JackSpringer@example.com,10/20/1993,11/9/2023
888,Neil,Morrison,NeilMorrison@example.com,9/22/1993,7/27/2021
889,Yvonne,Howard,YvonneHoward@example.com,2/24/1967,2/14/2019
890,Gavin,Oliver,GavinOliver@example.com,11/10/2003,8/12/2017
891,Amanda,Langdon,AmandaLangdon@example.com,1/26/1997,7/19/2016
892,Natalie,Ince,NatalieInce@example.com,6/5/1963,3/5/2013
893,Lucas,Graham,LucasGraham@example.com,7/10/1993,3/16/2015
894,Joanne,Sanderson,JoanneSanderson@example.com,9/25/1983,1/26/2018
895,Victor,Howard,VictorHoward@example.com,4/8/1979,5/18/2023
896,Lisa,Paterson,LisaPaterson@example.com,11/1/1978,12/6/2019
897,Ryan,Oliver,RyanOliver@example.com,5/16/1975,12/5/2021
898,Felicity,Poole,FelicityPoole@example.com,7/15/1975,2/5/2022
899,Jessica,Piper,JessicaPiper@example.com,2/13/1978,4/19/2015
900,Molly,Davies,MollyDavies@example.com,5/5/1994,11/1/2017
901,Rebecca,Short,RebeccaShort@example.com,12/17/1990,9/9/2016
902,Felicity,Dyer,FelicityDyer@example.com,2/24/1988,8/19/2022
903,Jasmine,Kelly,JasmineKelly@example.com,3/20/1977,3/13/2017
904,Theresa,Kerr,TheresaKerr@example.com,11/4/1997,6/6/2023
905,Evan,Dyer,EvanDyer@example.com,10/8/1965,2/15/2023
906,Emma,Peake,EmmaPeake@example.com,8/2/1973,11/26/2020
907,Carol,Oliver,CarolOliver@example.com,5/4/1982,7/8/2021
908,Stewart,Miller,StewartMiller@example.com,5/9/1994,6/7/2017
909,Eric,Campbell,EricCampbell@example.com,10/3/1982,8/16/2020
910,Heather,Kelly,HeatherKelly@example.com,2/28/2003,1/9/2013
911,Ryan,Powell,RyanPowell@example.com,11/28/1981,5/21/2015
912,Isaac,Nash,IsaacNash@example.com,2/22/1965,10/17/2014
913,Jessica,Walsh,JessicaWalsh@example.com,5/20/1994,2/9/2020
914,John,Sharp,JohnSharp@example.com,3/18/2002,10/6/2022
915,Leonard,Grant,LeonardGrant@example.com,5/8/1989,10/20/2020
916,Nathan,Russell,NathanRussell@example.com,12/18/1974,7/6/2019
917,Una,Johnston,UnaJohnston@example.com,3/24/1963,11/3/2015
918,Amy,Parsons,AmyParsons@example.com,11/8/1985,4/27/2019
919,Fiona,Ellison,FionaEllison@example.com,12/9/1972,1/8/2015
920,Anne,Bond,AnneBond@example.com,9/27/1975,3/9/2019
921,Phil,Bond,PhilBond@example.com,11/9/1974,4/11/2014
922,Kevin,James,KevinJames@example.com,7/11/1988,11/7/2019
923,Amelia,Arnold,AmeliaArnold@example.com,7/3/1996,3/24/2018
924,Stewart,Paterson,StewartPaterson@example.com,3/25/1987,10/11/2015
925,Joan,Ferguson,JoanFerguson@example.com,12/3/1976,4/22/2018
926,Alexander,Butler,AlexanderButler@example.com,10/12/1987,1/6/2023
927,Joseph,Wilkins,JosephWilkins@example.com,12/13/1991,8/11/2019
928,Sebastian,Carr,SebastianCarr@example.com,5/28/1970,6/2/2017
929,Jan,Scott,JanScott@example.com,1/4/1970,3/26/2020
930,John,Roberts,JohnRoberts@example.com,5/3/1978,12/18/2015
931,Wanda,Mills,WandaMills@example.com,4/11/1969,11/18/2016
932,Elizabeth,Lyman,ElizabethLyman@example.com,10/21/1993,11/2/2015
933,Virginia,Johnston,VirginiaJohnston@example.com,11/2/1969,10/21/2014
934,Jason,Simpson,JasonSimpson@example.com,7/14/1992,1/18/2021
935,Hannah,Kelly,HannahKelly@example.com,9/27/1994,3/20/2022
936,Megan,Ince,MeganInce@example.com,1/20/1993,10/3/2021
937,Christopher,Ince,ChristopherInce@example.com,4/3/2001,11/18/2014
938,Nicola,Avery,NicolaAvery@example.com,8/2/1982,11/16/2021
939,Carl,Forsyth,CarlForsyth@example.com,11/15/1985,11/19/2019
940,Leonard,Knox,LeonardKnox@example.com,7/28/1990,9/9/2021
941,Dorothy,Cameron,DorothyCameron@example.com,8/23/1967,11/8/2015
942,Emily,Harris,EmilyHarris@example.com,2/2/1996,5/14/2020
943,Olivia,MacDonald,OliviaMacDonald@example.com,7/28/1979,12/20/2022
944,Adam,Skinner,AdamSkinner@example.com,2/3/2000,9/13/2019
945,Jason,McDonald,JasonMcDonald@example.com,8/9/2003,12/11/2016
946,Stephen,Chapman,StephenChapman@example.com,6/26/1985,9/14/2013
947,Kimberly,Thomson,KimberlyThomson@example.com,5/15/1995,8/6/2021
948,Joan,Cornish,JoanCornish@example.com,1/3/1995,4/26/2019
949,Alan,Allan,AlanAllan@example.com,10/20/2005,1/25/2013
950,Dorothy,Sutherland,DorothySutherland@example.com,3/8/1994,12/28/2019
951,Felicity,Johnston,FelicityJohnston@example.com,10/23/1979,9/4/2019
952,Alexandra,Murray,AlexandraMurray@example.com,12/8/1986,4/18/2018
953,Una,Dyer,UnaDyer@example.com,6/28/1973,11/26/2016
954,Brian,Metcalfe,BrianMetcalfe@example.com,9/23/1978,6/27/2021
955,Chloe,Hemmings,ChloeHemmings@example.com,10/10/1982,1/24/2021
956,Megan,Coleman,MeganColeman@example.com,8/15/1995,7/7/2013
957,Abigail,Springer,AbigailSpringer@example.com,6/2/1977,7/27/2014
958,David,Davies,DavidDavies@example.com,3/2/1969,11/5/2020
959,Joanne,Ross,JoanneRoss@example.com,2/2/1995,5/27/2017
960,Alison,Kelly,AlisonKelly@example.com,9/10/1978,5/27/2015
961,Richard,Baker,RichardBaker@example.com,1/4/1974,2/16/2021
962,Karen,Abraham,KarenAbraham@example.com,9/22/2001,5/5/2013
963,Jack,Pullman,JackPullman@example.com,5/21/1977,12/19/2015
964,Audrey,Kelly,AudreyKelly@example.com,8/10/2001,5/4/2013
965,Adrian,Murray,AdrianMurray@example.com,7/4/1973,7/7/2023
966,Irene,Avery,IreneAvery@example.com,5/1/2002,5/11/2015
967,Grace,Jones,GraceJones@example.com,7/20/1982,9/1/2023
968,Richard,Davidson,RichardDavidson@example.com,10/1/1996,3/7/2016
969,Robert,Jones,RobertJones@example.com,9/10/2004,8/26/2018
970,Melanie,Coleman,MelanieColeman@example.com,10/25/2004,2/26/2014
971,Lucas,Manning,LucasManning@example.com,10/13/1971,9/26/2015
972,Hannah,Fraser,HannahFraser@example.com,7/16/2000,10/13/2013
973,Joan,Vance,JoanVance@example.com,7/1/1990,3/3/2014
974,Angela,Hardacre,AngelaHardacre@example.com,4/27/1968,9/18/2020
975,Ryan,Springer,RyanSpringer@example.com,4/13/2004,12/22/2023
976,Austin,Dickens,AustinDickens@example.com,2/22/1994,4/26/2017
977,Maria,Carr,MariaCarr@example.com,5/14/1998,7/8/2023
978,Anne,Langdon,AnneLangdon@example.com,3/3/1974,9/7/2016
979,Zoe,Lyman,ZoeLyman@example.com,10/21/1975,12/7/2019
980,Steven,Hart,StevenHart@example.com,2/27/1994,11/5/2013
981,Oliver,Short,OliverShort@example.com,8/17/1967,12/3/2019
982,Sonia,Baker,SoniaBaker@example.com,5/16/2004,12/17/2020
983,Kimberly,Anderson,KimberlyAnderson@example.com,3/23/1971,2/11/2014
984,Lucas,Poole,LucasPoole@example.com,2/2/1986,8/9/2019
985,Rebecca,Springer,RebeccaSpringer@example.com,11/4/1992,2/10/2014
986,Ava,Morgan,AvaMorgan@example.com,4/9/1979,4/3/2013
987,Maria,Buckland,MariaBuckland@example.com,12/13/1963,1/26/2021
988,Austin,Howard,AustinHoward@example.com,1/25/1969,6/11/2019
989,Felicity,Welch,FelicityWelch@example.com,6/20/1997,11/7/2023
990,Alexander,Miller,AlexanderMiller@example.com,8/7/1965,8/15/2016
991,Sam,Gray,SamGray@example.com,12/7/1995,11/8/2015
992,Sam,Reid,SamReid@example.com,2/4/1978,5/18/2014
993,Piers,McLean,PiersMcLean@example.com,1/20/1985,2/24/2017
994,Amelia,Sharp,AmeliaSharp@example.com,12/10/1981,6/12/2015
995,Leah,Edmunds,LeahEdmunds@example.com,11/1/2003,1/12/2021
996,Amanda,Cameron,AmandaCameron@example.com,8/8/2002,8/22/2022
997,Chloe,Walsh,ChloeWalsh@example.com,5/21/1978,11/7/2018
998,Alexander,Young,AlexanderYoung@example.com,7/4/2001,9/6/2014
999,Lucas,Oliver,LucasOliver@example.com,7/16/1973,7/2/2020
1000,Anthony,Smith,AnthonySmith@example.com,2/3/1970,2/27/2021
